<?xml version="1.0" encoding="UTF-8"?>
<root>
  <item name="com.mobeta.android.dslv.DragSortController DragSortController(com.mobeta.android.dslv.DragSortListView, int, int, int) 2">
    <annotation name="android.support.annotation.IntDef">
      <val name="value" val="{com.mobeta.android.dslv.DragSortController.ON_DOWN, com.mobeta.android.dslv.DragSortController.ON_DRAG, com.mobeta.android.dslv.DragSortController.ON_LONG_PRESS}" />
    </annotation>
  </item>
  <item name="com.mobeta.android.dslv.DragSortController DragSortController(com.mobeta.android.dslv.DragSortListView, int, int, int) 3">
    <annotation name="android.support.annotation.IntDef">
      <val name="value" val="{com.mobeta.android.dslv.DragSortController.CLICK_REMOVE, com.mobeta.android.dslv.DragSortController.FLING_REMOVE}" />
    </annotation>
  </item>
  <item name="com.mobeta.android.dslv.DragSortController DragSortController(com.mobeta.android.dslv.DragSortListView, int, int, int, int) 2">
    <annotation name="android.support.annotation.IntDef">
      <val name="value" val="{com.mobeta.android.dslv.DragSortController.ON_DOWN, com.mobeta.android.dslv.DragSortController.ON_DRAG, com.mobeta.android.dslv.DragSortController.ON_LONG_PRESS}" />
    </annotation>
  </item>
  <item name="com.mobeta.android.dslv.DragSortController DragSortController(com.mobeta.android.dslv.DragSortListView, int, int, int, int) 3">
    <annotation name="android.support.annotation.IntDef">
      <val name="value" val="{com.mobeta.android.dslv.DragSortController.CLICK_REMOVE, com.mobeta.android.dslv.DragSortController.FLING_REMOVE}" />
    </annotation>
  </item>
  <item name="com.mobeta.android.dslv.DragSortController DragSortController(com.mobeta.android.dslv.DragSortListView, int, int, int, int, int) 2">
    <annotation name="android.support.annotation.IntDef">
      <val name="value" val="{com.mobeta.android.dslv.DragSortController.ON_DOWN, com.mobeta.android.dslv.DragSortController.ON_DRAG, com.mobeta.android.dslv.DragSortController.ON_LONG_PRESS}" />
    </annotation>
  </item>
  <item name="com.mobeta.android.dslv.DragSortController DragSortController(com.mobeta.android.dslv.DragSortListView, int, int, int, int, int) 3">
    <annotation name="android.support.annotation.IntDef">
      <val name="value" val="{com.mobeta.android.dslv.DragSortController.CLICK_REMOVE, com.mobeta.android.dslv.DragSortController.FLING_REMOVE}" />
    </annotation>
  </item>
  <item name="com.mobeta.android.dslv.DragSortController int getDragInitMode()">
    <annotation name="android.support.annotation.IntDef">
      <val name="value" val="{com.mobeta.android.dslv.DragSortController.ON_DOWN, com.mobeta.android.dslv.DragSortController.ON_DRAG, com.mobeta.android.dslv.DragSortController.ON_LONG_PRESS}" />
    </annotation>
  </item>
  <item name="com.mobeta.android.dslv.DragSortController int getRemoveMode()">
    <annotation name="android.support.annotation.IntDef">
      <val name="value" val="{com.mobeta.android.dslv.DragSortController.CLICK_REMOVE, com.mobeta.android.dslv.DragSortController.FLING_REMOVE}" />
    </annotation>
  </item>
  <item name="com.mobeta.android.dslv.DragSortController mDragInitMode">
    <annotation name="android.support.annotation.IntDef">
      <val name="value" val="{com.mobeta.android.dslv.DragSortController.ON_DOWN, com.mobeta.android.dslv.DragSortController.ON_DRAG, com.mobeta.android.dslv.DragSortController.ON_LONG_PRESS}" />
    </annotation>
  </item>
  <item name="com.mobeta.android.dslv.DragSortController void setDragInitMode(int) 0">
    <annotation name="android.support.annotation.IntDef">
      <val name="value" val="{com.mobeta.android.dslv.DragSortController.ON_DOWN, com.mobeta.android.dslv.DragSortController.ON_DRAG, com.mobeta.android.dslv.DragSortController.ON_LONG_PRESS}" />
    </annotation>
  </item>
  <item name="com.mobeta.android.dslv.DragSortController void setRemoveMode(int) 0">
    <annotation name="android.support.annotation.IntDef">
      <val name="value" val="{com.mobeta.android.dslv.DragSortController.CLICK_REMOVE, com.mobeta.android.dslv.DragSortController.FLING_REMOVE}" />
    </annotation>
  </item>
  <item name="com.mobeta.android.dslv.DragSortController.DragInitMode">
    <annotation name="android.support.annotation.IntDef">
      <val name="value" val="{com.mobeta.android.dslv.DragSortController.ON_DOWN, com.mobeta.android.dslv.DragSortController.ON_DRAG, com.mobeta.android.dslv.DragSortController.ON_LONG_PRESS}" />
    </annotation>
  </item>
  <item name="com.mobeta.android.dslv.DragSortController.RemoveMode">
    <annotation name="android.support.annotation.IntDef">
      <val name="value" val="{com.mobeta.android.dslv.DragSortController.CLICK_REMOVE, com.mobeta.android.dslv.DragSortController.FLING_REMOVE}" />
    </annotation>
  </item>
</root>

